regime,slab_from,slab_to,rate_pct,note
new,0,400000,0,FY 2025-26 new regime (Budget 2025). Standard deduction 75000. Rebate u/s 87A makes tax nil up to taxable income 1200000. VERIFY EACH YEAR.
new,400000,800000,5,
new,800000,1200000,10,
new,1200000,1600000,15,
new,1600000,2000000,20,
new,2000000,2400000,25,
new,2400000,999999999,30,
old,0,250000,0,Old regime. Standard deduction 50000. Deductions such as 80C (max 150000) and 80D allowed. Rebate u/s 87A up to taxable income 500000. VERIFY EACH YEAR.
old,250000,500000,5,
old,500000,1000000,20,
old,1000000,999999999,30,
cess,0,0,4,Health and education cess on the tax amount - both regimes
