Date,Close
2025-10-06 00:00:00-04:00,3976.300048828125
2025-10-07 00:00:00-04:00,4004.39990234375
2025-10-08 00:00:00-04:00,4070.5
2025-10-09 00:00:00-04:00,3972.60009765625
2025-10-10 00:00:00-04:00,4000.39990234375
2025-10-13 00:00:00-04:00,4133.0
2025-10-14 00:00:00-04:00,4163.39990234375
2025-10-15 00:00:00-04:00,4201.60009765625
2025-10-16 00:00:00-04:00,4304.60009765625
2025-10-17 00:00:00-04:00,4213.2998046875
2025-10-20 00:00:00-04:00,4359.39990234375
2025-10-21 00:00:00-04:00,4109.10009765625
2025-10-22 00:00:00-04:00,4065.39990234375
2025-10-23 00:00:00-04:00,4145.60009765625
2025-10-24 00:00:00-04:00,4137.7998046875
2025-10-27 00:00:00-04:00,4019.699951171875
2025-10-28 00:00:00-04:00,3983.10009765625
2025-10-29 00:00:00-04:00,4000.699951171875
2025-10-30 00:00:00-04:00,4015.89990234375
2025-10-31 00:00:00-04:00,3996.5
2025-11-03 00:00:00-05:00,4014.0
2025-11-04 00:00:00-05:00,3960.5
2025-11-05 00:00:00-05:00,3992.89990234375
2025-11-06 00:00:00-05:00,3991.0
2025-11-07 00:00:00-05:00,4009.800048828125
2025-11-10 00:00:00-05:00,4122.0
2025-11-11 00:00:00-05:00,4116.2998046875
2025-11-12 00:00:00-05:00,4213.60009765625
2025-11-13 00:00:00-05:00,4194.5
2025-11-14 00:00:00-05:00,4094.199951171875
2025-11-17 00:00:00-05:00,4074.5
2025-11-18 00:00:00-05:00,4066.5
2025-11-19 00:00:00-05:00,4082.800048828125
2025-11-20 00:00:00-05:00,4060.0
2025-11-21 00:00:00-05:00,4079.5
2025-11-24 00:00:00-05:00,4094.199951171875
2025-11-25 00:00:00-05:00,4140.0
2025-11-26 00:00:00-05:00,4165.2001953125
2025-11-28 00:00:00-05:00,4254.89990234375
2025-12-01 00:00:00-05:00,4274.7998046875
2025-12-02 00:00:00-05:00,4220.7998046875
2025-12-03 00:00:00-05:00,4232.5
2025-12-04 00:00:00-05:00,4243.0
2025-12-05 00:00:00-05:00,4243.0
2025-12-08 00:00:00-05:00,4217.7001953125
2025-12-09 00:00:00-05:00,4236.2001953125
2025-12-10 00:00:00-05:00,4224.7001953125
2025-12-11 00:00:00-05:00,4313.0
2025-12-12 00:00:00-05:00,4328.2998046875
2025-12-15 00:00:00-05:00,4335.2001953125
2025-12-16 00:00:00-05:00,4332.2998046875
2025-12-17 00:00:00-05:00,4373.89990234375
2025-12-18 00:00:00-05:00,4364.5
2025-12-19 00:00:00-05:00,4387.2998046875
2025-12-22 00:00:00-05:00,4469.39990234375
2025-12-23 00:00:00-05:00,4505.7001953125
2025-12-24 00:00:00-05:00,4502.7998046875
2025-12-26 00:00:00-05:00,4552.7001953125
2025-12-29 00:00:00-05:00,4343.60009765625
2025-12-30 00:00:00-05:00,4386.2998046875
2025-12-31 00:00:00-05:00,4341.10009765625
2026-01-02 00:00:00-05:00,4329.60009765625
2026-01-05 00:00:00-05:00,4451.5
2026-01-06 00:00:00-05:00,4496.10009765625
2026-01-07 00:00:00-05:00,4462.5
2026-01-08 00:00:00-05:00,4460.7001953125
2026-01-09 00:00:00-05:00,4500.89990234375
2026-01-12 00:00:00-05:00,4614.7001953125
2026-01-13 00:00:00-05:00,4599.10009765625
2026-01-14 00:00:00-05:00,4635.7001953125
2026-01-15 00:00:00-05:00,4623.7001953125
2026-01-16 00:00:00-05:00,4595.39990234375
2026-01-20 00:00:00-05:00,4765.7998046875
2026-01-21 00:00:00-05:00,4837.5
2026-01-22 00:00:00-05:00,4913.39990234375
2026-01-23 00:00:00-05:00,4979.7001953125
2026-01-26 00:00:00-05:00,5082.5
2026-01-27 00:00:00-05:00,5082.60009765625
2026-01-28 00:00:00-05:00,5303.60009765625
2026-01-29 00:00:00-05:00,5318.39990234375
2026-01-30 00:00:00-05:00,4745.10009765625
2026-02-02 00:00:00-05:00,4652.60009765625
2026-02-03 00:00:00-05:00,4935.0
2026-02-04 00:00:00-05:00,4950.7998046875
2026-02-05 00:00:00-05:00,4889.5
2026-02-06 00:00:00-05:00,4979.7998046875
2026-02-09 00:00:00-05:00,5079.39990234375
2026-02-10 00:00:00-05:00,5031.0
2026-02-11 00:00:00-05:00,5098.5
2026-02-12 00:00:00-05:00,4948.39990234375
2026-02-13 00:00:00-05:00,5046.2998046875
2026-02-17 00:00:00-05:00,4905.89990234375
2026-02-18 00:00:00-05:00,5009.5
2026-02-19 00:00:00-05:00,4997.39990234375
2026-02-20 00:00:00-05:00,5080.89990234375
2026-02-23 00:00:00-05:00,5225.60009765625
2026-02-24 00:00:00-05:00,5176.2998046875
2026-02-25 00:00:00-05:00,5226.2001953125
2026-02-26 00:00:00-05:00,5194.2001953125
2026-02-27 00:00:00-05:00,5247.89990234375
2026-03-02 00:00:00-05:00,5311.60009765625
2026-03-03 00:00:00-05:00,5123.7001953125
2026-03-04 00:00:00-05:00,5134.7001953125
2026-03-05 00:00:00-05:00,5078.7001953125
2026-03-06 00:00:00-05:00,5158.7001953125
2026-03-09 00:00:00-04:00,5103.7001953125
2026-03-10 00:00:00-04:00,5242.10009765625
2026-03-11 00:00:00-04:00,5179.10009765625
2026-03-12 00:00:00-04:00,5125.7998046875
2026-03-13 00:00:00-04:00,5061.7001953125
2026-03-16 00:00:00-04:00,5002.2001953125
2026-03-17 00:00:00-04:00,5008.2001953125
2026-03-18 00:00:00-04:00,4896.2001953125
2026-03-19 00:00:00-04:00,4605.7001953125
2026-03-20 00:00:00-04:00,4574.89990234375
2026-03-23 00:00:00-04:00,4407.2998046875
2026-03-24 00:00:00-04:00,4402.0
2026-03-25 00:00:00-04:00,4552.2998046875
2026-03-26 00:00:00-04:00,4376.2998046875
2026-03-27 00:00:00-04:00,4492.5
2026-03-30 00:00:00-04:00,4526.0
2026-03-31 00:00:00-04:00,4647.60009765625
2026-04-01 00:00:00-04:00,4813.10009765625
2026-04-02 00:00:00-04:00,4679.7001953125
2026-04-06 00:00:00-04:00,4684.7001953125
2026-04-07 00:00:00-04:00,4684.7001953125
2026-04-08 00:00:00-04:00,4777.2001953125
2026-04-09 00:00:00-04:00,4818.0
2026-04-10 00:00:00-04:00,4787.39990234375
2026-04-13 00:00:00-04:00,4767.39990234375
2026-04-14 00:00:00-04:00,4850.10009765625
2026-04-15 00:00:00-04:00,4823.60009765625
2026-04-16 00:00:00-04:00,4808.2998046875
2026-04-17 00:00:00-04:00,4879.60009765625
2026-04-20 00:00:00-04:00,4828.7998046875
2026-04-21 00:00:00-04:00,4719.60009765625
2026-04-22 00:00:00-04:00,4753.0
2026-04-23 00:00:00-04:00,4724.0
2026-04-24 00:00:00-04:00,4740.89990234375
2026-04-27 00:00:00-04:00,4693.7001953125
2026-04-28 00:00:00-04:00,4608.39990234375
2026-04-29 00:00:00-04:00,4561.5
2026-04-30 00:00:00-04:00,4629.60009765625
2026-05-01 00:00:00-04:00,4644.5
2026-05-04 00:00:00-04:00,4533.2998046875
2026-05-05 00:00:00-04:00,4568.5
2026-05-06 00:00:00-04:00,4694.2998046875
2026-05-07 00:00:00-04:00,4710.89990234375
2026-05-08 00:00:00-04:00,4730.7001953125
2026-05-11 00:00:00-04:00,4728.7001953125
2026-05-12 00:00:00-04:00,4686.7001953125
2026-05-13 00:00:00-04:00,4706.7001953125
2026-05-14 00:00:00-04:00,4685.2998046875
2026-05-15 00:00:00-04:00,4561.89990234375
2026-05-18 00:00:00-04:00,4558.0
2026-05-19 00:00:00-04:00,4511.2001953125
2026-05-20 00:00:00-04:00,4535.2998046875
2026-05-21 00:00:00-04:00,4542.5
2026-05-22 00:00:00-04:00,4523.2001953125
2026-05-26 00:00:00-04:00,4502.2998046875
2026-05-27 00:00:00-04:00,4448.39990234375
2026-05-28 00:00:00-04:00,4499.2998046875
2026-05-29 00:00:00-04:00,4593.0
2026-06-01 00:00:00-04:00,4506.2998046875
2026-06-02 00:00:00-04:00,4519.89990234375
2026-06-03 00:00:00-04:00,4466.89990234375
2026-06-04 00:00:00-04:00,4505.0
2026-06-05 00:00:00-04:00,4365.2998046875
2026-06-08 00:00:00-04:00,4363.39990234375
2026-06-09 00:00:00-04:00,4286.39990234375
2026-06-10 00:00:00-04:00,4133.2998046875
2026-06-11 00:00:00-04:00,4114.0
2026-06-12 00:00:00-04:00,4238.7998046875
2026-06-15 00:00:00-04:00,4351.60009765625
2026-06-16 00:00:00-04:00,4354.39990234375
2026-06-17 00:00:00-04:00,4381.39990234375
2026-06-18 00:00:00-04:00,4245.89990234375
2026-06-22 00:00:00-04:00,4202.7001953125
2026-06-23 00:00:00-04:00,4149.39990234375
2026-06-24 00:00:00-04:00,4008.800048828125
2026-06-25 00:00:00-04:00,4047.60009765625
2026-06-26 00:00:00-04:00,4096.2998046875
2026-06-29 00:00:00-04:00,4038.89990234375
2026-06-30 00:00:00-04:00,4038.5
2026-07-01 00:00:00-04:00,4082.39990234375
2026-07-02 00:00:00-04:00,4125.7001953125
2026-07-06 00:00:00-04:00,4167.5
2026-07-07 00:00:00-04:00,4157.39990234375
2026-07-08 00:00:00-04:00,4082.39990234375
2026-07-09 00:00:00-04:00,4140.7998046875
2026-07-10 00:00:00-04:00,4113.7001953125
2026-07-13 00:00:00-04:00,4005.699951171875
2026-07-14 00:00:00-04:00,4069.699951171875
2026-07-15 00:00:00-04:00,4051.800048828125
2026-07-16 00:00:00-04:00,3992.10009765625
2026-07-17 00:00:00-04:00,4018.800048828125
2026-07-20 00:00:00-04:00,4015.89990234375
2026-07-21 00:00:00-04:00,4076.39990234375
2026-07-22 00:00:00-04:00,4151.89990234375
2026-07-23 00:00:00-04:00,4050.199951171875
2026-07-24 00:00:00-04:00,4070.800048828125
2026-07-27 00:00:00-04:00,4077.0
2026-07-28 00:00:00-04:00,4038.699951171875
2026-07-29 00:00:00-04:00,4036.300048828125
2026-07-30 00:00:00-04:00,4100.10009765625
2026-07-31 00:00:00-04:00,4107.0
2026-08-03 00:00:00-04:00,4090.5
2026-08-04 00:00:00-04:00,4152.60009765625
2026-08-05 00:00:00-04:00,4305.2001953125
2026-08-06 00:00:00-04:00,4299.60009765625
2026-08-07 00:00:00-04:00,4399.7001953125
2026-08-10 00:00:00-04:00,4419.7001953125
2026-08-11 00:00:00-04:00,4441.10009765625
2026-08-12 00:00:00-04:00,4467.5
2026-08-13 00:00:00-04:00,4420.39990234375
2026-08-14 00:00:00-04:00,4437.2998046875
2026-08-17 00:00:00-04:00,4473.7001953125
2026-08-18 00:00:00-04:00,4420.60009765625
2026-08-19 00:00:00-04:00,4545.2998046875
2026-08-20 00:00:00-04:00,4571.39990234375
2026-08-21 00:00:00-04:00,4680.60009765625
2026-08-24 00:00:00-04:00,4697.7998046875
2026-08-25 00:00:00-04:00,4694.5
2026-08-26 00:00:00-04:00,4653.2998046875
2026-08-27 00:00:00-04:00,4664.0
2026-08-28 00:00:00-04:00,4529.89990234375
2026-08-31 00:00:00-04:00,4481.5
2026-09-01 00:00:00-04:00,4396.39990234375
2026-09-02 00:00:00-04:00,4414.60009765625
2026-09-03 00:00:00-04:00,4539.89990234375
2026-09-04 00:00:00-04:00,4476.60009765625
2026-09-08 00:00:00-04:00,4439.0
2026-09-09 00:00:00-04:00,4460.7001953125
2026-09-10 00:00:00-04:00,4407.2998046875
2026-09-11 00:00:00-04:00,4408.89990234375
2026-09-14 00:00:00-04:00,4351.89990234375
2026-09-15 00:00:00-04:00,4332.7998046875
2026-09-16 00:00:00-04:00,4387.5
2026-09-17 00:00:00-04:00,4399.7001953125
2026-09-18 00:00:00-04:00,4424.89990234375
2026-09-21 00:00:00-04:00,4383.89990234375
2026-09-22 00:00:00-04:00,4376.39990234375
2026-09-23 00:00:00-04:00,4318.39990234375
2026-09-24 00:00:00-04:00,4298.0
2026-09-25 00:00:00-04:00,4321.2001953125
2026-09-28 00:00:00-04:00,4168.39990234375
2026-09-29 00:00:00-04:00,4179.7001953125
2026-09-30 00:00:00-04:00,4186.7001953125
2026-10-01 00:00:00-04:00,4202.2998046875
2026-10-02 00:00:00-04:00,4162.2998046875
