date,nav
2013-01-02,11.3031
2013-01-03,11.3335
2013-01-04,11.3458
2013-01-07,11.2924
2013-01-08,11.3173
2013-01-09,11.2602
2013-01-10,11.2545
2013-01-11,11.221
2013-01-14,11.3605
2013-01-15,11.4204
2013-01-16,11.3175
2013-01-17,11.3879
2013-01-18,11.4344
2013-01-21,11.4672
2013-01-22,11.4012
2013-01-23,11.4134
2013-01-24,11.3474
2013-01-25,11.4517
2013-01-28,11.4512
2013-01-29,11.4039
2013-01-30,11.4145
2013-01-31,11.3682
2013-02-01,11.3345
2013-02-04,11.3112
2013-02-05,11.2546
2013-02-06,11.2592
2013-02-07,11.2205
2013-02-08,11.154
2013-02-11,11.1421
2013-02-12,11.1882
2013-02-13,11.2011
2013-02-14,11.133
2013-02-15,11.1157
2013-02-18,11.1375
2013-02-19,11.2159
2013-02-20,11.222
2013-02-21,11.0505
2013-02-22,11.0465
2013-02-25,11.0546
2013-02-26,10.8784
2013-02-27,10.9431
2013-02-28,10.7467
2013-03-01,10.7996
2013-03-04,10.7586
2013-03-05,10.9205
2013-03-06,10.9852
2013-03-07,11.0695
2013-03-08,11.2241
2013-03-11,11.2164
2013-03-12,11.1632
2013-03-13,11.0433
2013-03-14,11.153
2013-03-15,11.0839
2013-03-18,11.0158
2013-03-19,10.8469
2013-03-20,10.7511
2013-03-21,10.6851
2013-03-22,10.6741
2013-03-25,10.6385
2013-03-26,10.6525
2013-03-28,10.7301
2013-04-01,10.848
2013-04-02,10.848
2013-04-03,10.705
2013-04-04,10.5197
2013-04-05,10.4791
2013-04-08,10.4585
2013-04-09,10.3682
2013-04-10,10.4878
2013-04-11,10.5545
2013-04-12,10.4301
2013-04-15,10.5039
2013-04-16,10.7298
2013-04-17,10.7288
2013-04-18,10.9064
2013-04-22,11.0022
2013-04-23,11.0066
2013-04-25,11.1555
2013-04-26,11.0704
2013-04-29,11.131
2013-04-30,11.1799
2013-05-02,11.3106
2013-05-03,11.2024
2013-05-06,11.2528
2013-05-07,11.3891
2013-05-08,11.4364
2013-05-09,11.4001
2013-05-10,11.4915
2013-05-13,11.274
2013-05-14,11.3018
2013-05-15,11.5879
2013-05-16,11.6313
2013-05-17,11.6633
2013-05-20,11.6053
2013-05-21,11.5239
2013-05-22,11.4864
2013-05-23,11.2465
2013-05-24,11.2779
2013-05-27,11.4647
2013-05-28,11.5228
2013-05-29,11.5087
2013-05-30,11.5668
2013-05-31,11.3236
2013-06-03,11.2348
2013-06-04,11.1966
2013-06-05,11.2041
2013-06-06,11.2043
2013-06-07,11.1284
2013-06-10,11.122
2013-06-11,10.9535
2013-06-12,10.8976
2013-06-13,10.7931
2013-06-14,10.9994
2013-06-17,11.0781
2013-06-18,11.0093
2013-06-19,11.0254
2013-06-20,10.7114
2013-06-21,10.7338
2013-06-24,10.5886
2013-06-25,10.624
2013-06-26,10.5853
2013-06-27,10.7734
2013-06-28,11.0745
2013-07-01,11.1799
2013-07-02,11.1018
2013-07-03,10.9384
2013-07-04,11.0669
2013-07-05,11.1285
2013-07-08,11.0214
2013-07-09,11.1104
2013-07-10,11.0364
2013-07-11,11.2601
2013-07-12,11.4012
2013-07-15,11.4444
2013-07-16,11.3012
2013-07-17,11.3344
2013-07-18,11.4613
2013-07-19,11.479
2013-07-22,11.4828
2013-07-23,11.5694
2013-07-24,11.4032
2013-07-25,11.2454
2013-07-26,11.2068
2013-07-29,11.1
2013-07-30,10.9593
2013-07-31,10.9348
2013-08-01,10.9086
2013-08-02,10.8136
2013-08-05,10.8267
2013-08-06,10.5557
2013-08-07,10.5105
2013-08-08,10.5977
2013-08-12,10.6843
2013-08-13,10.8553
2013-08-14,10.9363
2013-08-16,10.4898
2013-08-19,10.312
2013-08-20,10.2857
2013-08-21,10.0983
2013-08-22,10.2986
2013-08-23,10.4188
2013-08-26,10.4263
2013-08-27,10.0686
2013-08-28,10.0637
2013-08-29,10.2982
2013-08-30,10.418
2013-09-02,10.5662
2013-09-03,10.1716
2013-09-04,10.3741
2013-09-05,10.6549
2013-09-06,10.8254
2013-09-10,11.2323
2013-09-11,11.2612
2013-09-12,11.1446
2013-09-13,11.1446
2013-09-16,11.1242
2013-09-17,11.1423
2013-09-18,11.2355
2013-09-19,11.6487
2013-09-20,11.4516
2013-09-23,11.2167
2013-09-24,11.2215
2013-09-25,11.2016
2013-09-26,11.2016
2013-09-27,11.1088
2013-09-30,10.9211
2013-10-01,11.0054
2013-10-03,11.2504
2013-10-04,11.2454
2013-10-07,11.2419
2013-10-08,11.2836
2013-10-09,11.4331
2013-10-10,11.4583
2013-10-11,11.6007
2013-10-14,11.6303
2013-10-15,11.585
2013-10-17,11.5078
2013-10-18,11.7794
2013-10-21,11.8075
2013-10-22,11.8034
2013-10-23,11.7565
2013-10-24,11.7301
2013-10-25,11.6955
2013-10-28,11.6107
2013-10-29,11.8381
2013-10-30,11.8962
2013-10-31,11.9884
2013-11-01,12.0033
2013-11-05,11.8983
2013-11-06,11.8268
2013-11-07,11.7746
2013-11-08,11.6858
2013-11-11,11.5665
2013-11-12,11.4506
2013-11-13,11.3967
2013-11-14,11.5232
2013-11-18,11.7743
2013-11-19,11.801
2013-11-20,11.6481
2013-11-21,11.4116
2013-11-22,11.4048
2013-11-25,11.631
2013-11-26,11.5234
2013-11-27,11.5189
2013-11-28,11.5846
2013-11-29,11.7447
2013-12-02,11.8226
2013-12-03,11.7917
2013-12-04,11.7138
2013-12-05,11.8655
2013-12-06,11.9002
2013-12-09,12.0958
2013-12-10,12.0397
2013-12-11,11.9919
2013-12-12,11.8569
2013-12-13,11.7264
2013-12-16,11.6989
2013-12-17,11.6686
2013-12-18,11.8168
2013-12-19,11.7205
2013-12-20,11.9244
2013-12-23,11.9419
2013-12-24,11.9112
2013-12-26,11.9308
2013-12-27,11.9969
2013-12-30,11.9527
2013-12-31,11.9762
2014-01-01,11.9713
2014-01-02,11.8159
2014-01-03,11.7958
2014-01-06,11.7573
2014-01-07,11.7011
2014-01-08,11.7243
2014-01-09,11.7119
2014-01-10,11.7183
2014-01-13,11.9089
2014-01-14,11.8498
2014-01-15,11.9989
2014-01-16,11.9944
2014-01-17,11.886
2014-01-20,11.9654
2014-01-21,11.9835
2014-01-22,12.0325
2014-01-23,12.0447
2014-01-24,11.8948
2014-01-27,11.6464
2014-01-28,11.6278
2014-01-29,11.6159
2014-01-30,11.5273
2014-01-31,11.5617
2014-02-03,11.3939
2014-02-04,11.3916
2014-02-05,11.432
2014-02-06,11.4577
2014-02-07,11.5087
2014-02-10,11.49
2014-02-11,11.5078
2014-02-12,11.5488
2014-02-13,11.3916
2014-02-14,11.4807
2014-02-17,11.5293
2014-02-18,11.63
2014-02-19,11.6781
2014-02-20,11.5621
2014-02-21,11.6825
2014-02-24,11.739
2014-02-25,11.7649
2014-02-26,11.8373
2014-02-28,11.9084
2014-03-03,11.801
2014-03-04,11.9471
2014-03-05,12.0049
2014-03-06,12.1417
2014-03-07,12.3785
2014-03-10,12.3969
2014-03-11,12.3507
2014-03-12,12.3597
2014-03-13,12.314
2014-03-14,12.3346
2014-03-18,12.3558
2014-03-19,12.3665
2014-03-20,12.2885
2014-03-21,12.3068
2014-03-24,12.4774
2014-03-25,12.4887
2014-03-26,12.5111
2014-03-27,12.5898
2014-03-28,12.6901
2014-03-31,12.7047
2014-04-01,12.736
2014-04-02,12.795
2014-04-03,12.7634
2014-04-04,12.6836
2014-04-07,12.6831
2014-04-09,12.8732
2014-04-10,12.8732
2014-04-11,12.8348
2014-04-15,12.7512
2014-04-16,12.6426
2014-04-17,12.8368
2014-04-21,12.9067
2014-04-22,12.9026
2014-04-23,12.95
2014-04-25,12.8397
2014-04-28,12.7976
2014-04-29,12.7133
2014-04-30,12.6763
2014-05-02,12.6724
2014-05-05,12.6792
2014-05-06,12.7085
2014-05-07,12.5897
2014-05-08,12.6027
2014-05-09,12.9785
2014-05-12,13.2703
2014-05-13,13.4482
2014-05-14,13.4477
2014-05-15,13.474
2014-05-16,13.6334
2014-05-19,13.7429
2014-05-20,13.765
2014-05-21,13.7222
2014-05-22,13.7661
2014-05-23,13.9374
2014-05-26,13.9213
2014-05-27,13.8449
2014-05-28,13.8659
2014-05-29,13.7022
2014-05-30,13.6919
2014-06-02,13.9404
2014-06-03,14.0596
2014-06-04,14.0336
2014-06-05,14.1908
2014-06-06,14.4012
2014-06-09,14.5341
2014-06-10,14.537
2014-06-11,14.4835
2014-06-12,14.5319
2014-06-13,14.3271
2014-06-16,14.3114
2014-06-17,14.4958
2014-06-18,14.3566
2014-06-19,14.3234
2014-06-20,14.2678
2014-06-23,14.2319
2014-06-24,14.3961
2014-06-25,14.375
2014-06-26,14.231
2014-06-27,14.2601
2014-06-30,14.4526
2014-07-01,14.4964
2014-07-02,14.6672
2014-07-03,14.6554
2014-07-04,14.7384
2014-07-07,14.805
2014-07-08,14.4934
2014-07-09,14.4245
2014-07-10,14.3914
2014-07-11,14.1872
2014-07-14,14.1778
2014-07-15,14.3146
2014-07-16,14.4988
2014-07-17,14.5343
2014-07-18,14.5782
2014-07-21,14.6174
2014-07-22,14.7754
2014-07-23,14.8295
2014-07-24,14.8957
2014-07-25,14.8206
2014-07-28,14.754
2014-07-30,14.8344
2014-07-31,14.7011
2014-08-01,14.4754
2014-08-04,14.6281
2014-08-05,14.7487
2014-08-06,14.6076
2014-08-07,14.5636
2014-08-08,14.4126
2014-08-11,14.5193
2014-08-12,14.7112
2014-08-13,14.7434
2014-08-14,14.8427
2014-08-18,14.9972
2014-08-19,15.0417
2014-08-20,15.0002
2014-08-21,15.0324
2014-08-22,15.074
2014-08-25,15.0588
2014-08-26,15.0556
2014-08-27,15.1166
2014-08-28,15.1508
2014-09-01,15.2882
2014-09-02,15.3926
2014-09-03,15.4522
2014-09-04,15.4177
2014-09-05,15.4028
2014-09-08,15.5681
2014-09-09,15.5276
2014-09-10,15.4155
2014-09-11,15.4
2014-09-12,15.4372
2014-09-15,15.3151
2014-09-16,15.1068
2014-09-17,15.187
2014-09-18,15.4506
2014-09-19,15.4617
2014-09-22,15.5095
2014-09-23,15.2638
2014-09-24,15.2342
2014-09-25,15.0611
2014-09-26,15.1689
2014-09-29,15.1488
2014-09-30,15.1593
2014-10-01,15.1226
2014-10-07,14.9428
2014-10-08,14.9218
2014-10-09,15.1451
2014-10-10,14.9535
2014-10-13,14.998
2014-10-14,14.9588
2014-10-16,14.746
2014-10-17,14.805
2014-10-20,14.993
2014-10-21,15.0851
2014-10-22,15.2143
2014-10-27,15.2038
2014-10-28,15.2716
2014-10-29,15.392
2014-10-30,15.5409
2014-10-31,15.834
2014-11-03,15.8374
2014-11-05,15.863
2014-11-07,15.8594
2014-11-10,15.869
2014-11-11,15.9033
2014-11-12,15.9413
2014-11-13,15.8938
2014-11-14,15.9537
2014-11-17,16.0295
2014-11-18,16.0194
2014-11-19,15.9342
2014-11-20,15.9709
2014-11-21,16.1116
2014-11-24,16.2097
2014-11-25,16.0788
2014-11-26,16.1024
2014-11-27,16.1373
2014-11-28,16.3152
2014-12-01,16.2498
2014-12-02,16.1901
2014-12-03,16.2143
2014-12-04,16.2645
2014-12-05,16.2143
2014-12-08,16.0236
2014-12-09,15.836
2014-12-10,15.8637
2014-12-11,15.7447
2014-12-12,15.6145
2014-12-15,15.6042
2014-12-16,15.3173
2014-12-17,15.2453
2014-12-18,15.4895
2014-12-19,15.6135
2014-12-22,15.7988
2014-12-23,15.6906
2014-12-24,15.5139
2014-12-26,15.5635
2014-12-29,15.6482
2014-12-30,15.6515
2014-12-31,15.7164
2015-01-01,15.7184
2015-01-02,15.929
2015-01-05,15.895
2015-01-06,15.4186
2015-01-07,15.3703
2015-01-08,15.621
2015-01-09,15.7152
2015-01-12,15.7865
2015-01-13,15.7411
2015-01-14,15.699
2015-01-15,16.1098
2015-01-16,16.1464
2015-01-19,16.2147
2015-01-20,16.4877
2015-01-21,16.5517
2015-01-22,16.6136
2015-01-23,16.7513
2015-01-27,16.8924
2015-01-28,16.8962
2015-01-29,16.9664
2015-01-30,16.6944
2015-02-02,16.6713
2015-02-03,16.5931
2015-02-04,16.5326
2015-02-05,16.5091
2015-02-06,16.4088
2015-02-09,16.1538
2015-02-10,16.2254
2015-02-11,16.3416
2015-02-12,16.5002
2015-02-13,16.6777
2015-02-16,16.6844
2015-02-18,16.7977
2015-02-19,16.8458
2015-02-20,16.7284
2015-02-23,16.5745
2015-02-24,16.5875
2015-02-25,16.5951
2015-02-26,16.4367
2015-02-27,16.7363
2015-03-02,16.9508
2015-03-03,17.0369
2015-03-04,16.8997
2015-03-05,16.9285
2015-03-09,16.5866
2015-03-10,16.5016
2015-03-11,16.4781
2015-03-12,16.6223
2015-03-13,16.3759
2015-03-16,16.3474
2015-03-17,16.5173
2015-03-18,16.446
2015-03-19,16.3485
2015-03-20,16.241
2015-03-23,16.2015
2015-03-24,16.1898
2015-03-25,16.1682
2015-03-26,15.8116
2015-03-27,15.8108
2015-03-30,16.0936
2015-03-31,16.0909
2015-04-01,16.27
2015-04-06,16.4008
2015-04-07,16.4017
2015-04-08,16.5037
2015-04-09,16.6247
2015-04-10,16.6284
2015-04-13,16.7256
2015-04-15,16.5666
2015-04-16,16.484
2015-04-17,16.2938
2015-04-20,15.9934
2015-04-21,15.8616
2015-04-22,15.9583
2015-04-23,15.8985
2015-04-24,15.7213
2015-04-27,15.549
2015-04-28,15.6853
2015-04-29,15.5969
2015-04-30,15.486
2015-05-04,15.7685
2015-05-05,15.7538
2015-05-06,15.3245
2015-05-07,15.2488
2015-05-08,15.5103
2015-05-11,15.7605
2015-05-12,15.3832
2015-05-13,15.5848
2015-05-14,15.5633
2015-05-15,15.6344
2015-05-18,15.8419
2015-05-19,15.8262
2015-05-20,15.9337
2015-05-21,15.9302
2015-05-22,16.0011
2015-05-25,15.8321
2015-05-26,15.7731
2015-05-27,15.7628
2015-05-28,15.7382
2015-05-29,15.9531
2015-06-01,15.9522
2015-06-02,15.5812
2015-06-03,15.4091
2015-06-04,15.4163
2015-06-05,15.3928
2015-06-08,15.2593
2015-06-09,15.2174
2015-06-10,15.4086
2015-06-11,15.1095
2015-06-12,15.1423
2015-06-15,15.2155
2015-06-16,15.2782
2015-06-17,15.3627
2015-06-18,15.5192
2015-06-19,15.6166
2015-06-22,15.8577
2015-06-23,15.9114
2015-06-24,15.8715
2015-06-25,15.9391
2015-06-26,15.9074
2015-06-29,15.7875
2015-06-30,15.882
2015-07-01,16.0403
2015-07-02,16.034
2015-07-03,16.1099
2015-07-06,16.1814
2015-07-07,16.1598
2015-07-08,15.8838
2015-07-09,15.8289
2015-07-10,15.8904
2015-07-13,16.0753
2015-07-14,16.0663
2015-07-15,16.2081
2015-07-16,16.3695
2015-07-17,16.3719
2015-07-20,16.3643
2015-07-21,16.2239
2015-07-22,16.4203
2015-07-23,16.3417
2015-07-24,16.2134
2015-07-27,15.9115
2015-07-28,15.8676
2015-07-29,15.9425
2015-07-30,16.0288
2015-07-31,16.2383
2015-08-03,16.2563
2015-08-04,16.2072
2015-08-05,16.3041
2015-08-06,16.3422
2015-08-07,16.2962
2015-08-10,16.2216
2015-08-11,16.1039
2015-08-12,15.8915
2015-08-13,15.9075
2015-08-14,16.2249
2015-08-17,16.1454
2015-08-18,16.1286
2015-08-19,16.1808
2015-08-20,15.9493
2015-08-21,15.8101
2015-08-24,14.887
2015-08-25,15.0235
2015-08-26,14.8557
2015-08-27,15.1468
2015-08-28,15.2406
2015-08-31,15.1801
2015-09-01,14.8345
2015-09-02,14.7053
2015-09-03,14.9034
2015-09-04,14.5927
2015-09-07,14.4159
2015-09-08,14.6566
2015-09-09,14.8965
2015-09-10,14.8376
2015-09-11,14.8479
2015-09-14,15.001
2015-09-15,14.9239
2015-09-16,15.0577
2015-09-18,15.2181
2015-09-21,15.2084
2015-09-22,14.8938
2015-09-23,14.9565
2015-09-24,14.9998
2015-09-28,14.8632
2015-09-29,14.9609
2015-09-30,15.1555
2015-10-01,15.1589
2015-10-05,15.4704
2015-10-06,15.5318
2015-10-07,15.5757
2015-10-08,15.4835
2015-10-09,15.5951
2015-10-12,15.5041
2015-10-13,15.4829
2015-10-14,15.4377
2015-10-15,15.5711
2015-10-16,15.6931
2015-10-19,15.7641
2015-10-20,15.7388
2015-10-21,15.7214
2015-10-23,15.8059
2015-10-26,15.7382
2015-10-27,15.6868
2015-10-28,15.5695
2015-10-29,15.4552
2015-10-30,15.3712
2015-11-02,15.3432
2015-11-03,15.361
2015-11-04,15.3202
2015-11-05,15.1595
2015-11-06,15.1567
2015-11-09,15.0809
2015-11-10,14.8347
2015-11-13,14.7943
2015-11-16,14.8786
2015-11-17,14.9353
2015-11-18,14.7343
2015-11-19,14.9442
2015-11-20,14.9705
2015-11-23,14.9559
2015-11-24,14.922
2015-11-26,15.0209
2015-11-27,15.1322
2015-11-30,15.1176
2015-12-01,15.1546
2015-12-02,15.1096
2015-12-03,14.9822
2015-12-04,14.8262
2015-12-07,14.7942
2015-12-08,14.6738
2015-12-09,14.505
2015-12-10,14.6385
2015-12-11,14.5004
2015-12-14,14.5748
2015-12-15,14.6708
2015-12-16,14.7642
2015-12-17,14.9411
2015-12-18,14.7847
2015-12-21,14.9217
2015-12-22,14.8297
2015-12-23,14.981
2015-12-24,14.9714
2015-12-28,15.0924
2015-12-29,15.0995
2015-12-30,15.0372
2015-12-31,15.1322
2016-01-01,15.164
2016-01-04,14.8361
2016-01-05,14.823
2016-01-06,14.7401
2016-01-07,14.4116
2016-01-08,14.4742
2016-01-11,14.4025
2016-01-12,14.2987
2016-01-13,14.3963
2016-01-14,14.3473
2016-01-15,14.1576
2016-01-18,13.9927
2016-01-19,14.1514
2016-01-20,13.9122
2016-01-21,13.8514
2016-01-22,14.1271
2016-01-25,14.155
2016-01-27,14.1597
2016-01-28,14.135
2016-01-29,14.3987
2016-02-01,14.3837
2016-02-02,14.1938
2016-02-03,14.0166
2016-02-04,14.0966
2016-02-05,14.2589
2016-02-08,14.0649
2016-02-09,13.8954
2016-02-10,13.7386
2016-02-11,13.2837
2016-02-12,13.2924
2016-02-15,13.6373
2016-02-16,13.4206
2016-02-17,13.534
2016-02-18,13.6922
2016-02-19,13.7282
2016-02-22,13.7734
2016-02-23,13.5352
2016-02-24,13.3615
2016-02-25,13.2704
2016-02-26,13.3835
2016-02-29,13.3015
2016-03-01,13.7481
2016-03-02,14.0259
2016-03-03,14.2282
2016-03-04,14.2463
2016-03-08,14.2455
2016-03-09,14.3345
2016-03-10,14.2467
2016-03-11,14.2922
2016-03-14,14.364
2016-03-15,14.2149
2016-03-16,14.2917
2016-03-17,14.3264
2016-03-18,14.5009
2016-03-21,14.6929
2016-03-22,14.7125
2016-03-23,14.7156
2016-03-28,14.5213
2016-03-29,14.4863
2016-03-30,14.7461
2016-03-31,14.7545
2016-04-01,14.7048
2016-04-04,14.7893
2016-04-05,14.4918
2016-04-06,14.5127
2016-04-07,14.3837
2016-04-08,14.4002
2016-04-11,14.6204
2016-04-12,14.6913
2016-04-13,14.9571
2016-04-18,15.0788
2016-04-20,15.0782
2016-04-21,15.0722
2016-04-22,15.0479
2016-04-25,14.9634
2016-04-26,15.1687
2016-04-27,15.202
2016-04-28,14.9495
2016-04-29,14.9542
2016-05-02,14.8677
2016-05-03,14.7555
2016-05-04,14.6785
2016-05-05,14.7347
2016-05-06,14.7306
2016-05-09,14.9821
2016-05-10,15.0224
2016-05-11,14.9482
2016-05-12,15.0447
2016-05-13,14.8768
2016-05-16,14.9638
2016-05-17,15.0185
2016-05-18,14.9772
2016-05-19,14.8124
2016-05-20,14.7481
2016-05-23,14.7123
2016-05-24,14.7457
2016-05-25,15.0987
2016-05-26,15.3528
2016-05-27,15.5166
2016-05-30,15.5849
2016-05-31,15.549
2016-06-01,15.5874
2016-06-02,15.6615
2016-06-03,15.6682
2016-06-06,15.6368
2016-06-07,15.7603
2016-06-08,15.7726
2016-06-09,15.656
2016-06-10,15.5922
2016-06-13,15.4787
2016-06-14,15.4754
2016-06-15,15.6611
2016-06-16,15.5523
2016-06-17,15.6083
2016-06-20,15.7378
2016-06-21,15.7023
2016-06-22,15.6749
2016-06-23,15.8025
2016-06-24,15.4561
2016-06-27,15.4669
2016-06-28,15.5299
2016-06-29,15.6849
2016-06-30,15.8423
2016-07-01,15.9193
2016-07-04,15.9999
2016-07-05,15.9335
2016-07-07,15.9412
2016-07-08,15.9129
2016-07-11,16.1883
2016-07-12,16.2889
2016-07-13,16.2864
2016-07-14,16.3735
2016-07-15,16.3399
2016-07-18,16.2782
2016-07-19,16.3163
2016-07-20,16.3877
2016-07-21,16.2848
2016-07-22,16.3439
2016-07-25,16.5265
2016-07-26,16.4405
2016-07-27,16.4885
2016-07-28,16.5917
2016-07-29,16.5384
2016-08-01,16.5344
2016-08-02,16.5092
2016-08-03,16.3602
2016-08-04,16.3722
2016-08-05,16.624
2016-08-08,16.6775
2016-08-09,16.6148
2016-08-10,16.4194
2016-08-11,16.4523
2016-08-12,16.6048
2016-08-16,16.5474
2016-08-17,16.5119
2016-08-18,16.6137
2016-08-19,16.6013
2016-08-22,16.5286
2016-08-23,16.534
2016-08-24,16.5677
2016-08-25,16.4563
2016-08-26,16.4184
2016-08-29,16.4848
2016-08-30,16.7452
2016-08-31,16.8301
2016-09-01,16.8085
2016-09-02,16.8753
2016-09-06,17.1304
2016-09-07,17.0846
2016-09-08,17.1558
2016-09-09,16.9918
2016-09-12,16.7019
2016-09-14,16.7225
2016-09-15,16.7553
2016-09-16,16.8253
2016-09-19,16.8796
2016-09-20,16.8172
2016-09-21,16.8195
2016-09-22,16.9911
2016-09-23,16.9223
2016-09-26,16.7125
2016-09-27,16.6806
2016-09-28,16.7543
2016-09-29,16.4598
2016-09-30,16.4975
2016-10-03,16.7397
2016-10-04,16.7987
2016-10-05,16.7503
2016-10-06,16.6842
2016-10-07,16.6612
2016-10-10,16.6822
2016-10-13,16.4227
2016-10-14,16.4417
2016-10-17,16.321
2016-10-18,16.6213
2016-10-19,16.5852
2016-10-20,16.6619
2016-10-21,16.6609
2016-10-24,16.6923
2016-10-25,16.6583
2016-10-26,16.5128
2016-10-27,16.5143
2016-10-28,16.5575
2016-11-01,16.5373
2016-11-02,16.3221
2016-11-03,16.2706
2016-11-04,16.1725
2016-11-07,16.2927
2016-11-08,16.381
2016-11-09,16.1673
2016-11-10,16.3463
2016-11-11,15.9074
2016-11-15,15.5469
2016-11-16,15.5527
2016-11-17,15.4899
2016-11-18,15.4784
2016-11-21,15.2001
2016-11-22,15.34
2016-11-23,15.399
2016-11-24,15.2689
2016-11-25,15.5538
2016-11-28,15.5774
2016-11-29,15.6064
2016-11-30,15.7636
2016-12-01,15.7023
2016-12-02,15.4991
2016-12-05,15.5788
2016-12-06,15.606
2016-12-07,15.5271
2016-12-08,15.8037
2016-12-09,15.8318
2016-12-12,15.6572
2016-12-13,15.7546
2016-12-14,15.679
2016-12-15,15.6235
2016-12-16,15.5958
2016-12-19,15.5279
2016-12-20,15.4857
2016-12-21,15.445
2016-12-22,15.2875
2016-12-23,15.3
2016-12-26,15.151
2016-12-27,15.3892
2016-12-28,15.3928
2016-12-29,15.524
2016-12-30,15.681
2017-01-02,15.6682
2017-01-03,15.6923
2017-01-04,15.6888
2017-01-05,15.8479
2017-01-06,15.7902
2017-01-09,15.7747
2017-01-10,15.8748
2017-01-11,16.0505
2017-01-12,16.101
2017-01-13,16.0877
2017-01-16,16.1108
2017-01-17,16.0823
2017-01-18,16.1183
2017-01-19,16.1526
2017-01-20,15.9885
2017-01-23,16.0701
2017-01-24,16.2312
2017-01-25,16.4738
2017-01-27,16.5463
2017-01-30,16.5246
2017-01-31,16.388
2017-02-01,16.6858
2017-02-02,16.7225
2017-02-03,16.7349
2017-02-06,16.8488
2017-02-07,16.7892
2017-02-08,16.79
2017-02-09,16.8076
2017-02-10,16.8361
2017-02-13,16.8574
2017-02-14,16.8332
2017-02-15,16.707
2017-02-16,16.8097
2017-02-17,16.8931
2017-02-20,17.0023
2017-02-21,17.0568
2017-02-22,17.0929
2017-02-23,17.1169
2017-02-27,17.0335
2017-02-28,17.006
2017-03-01,17.1319
2017-03-02,17.0443
2017-03-03,17.0397
2017-03-06,17.1651
2017-03-07,17.1332
2017-03-08,17.0897
2017-03-09,17.0967
2017-03-10,17.1109
2017-03-14,17.4143
2017-03-15,17.4098
2017-03-16,17.5459
2017-03-17,17.5577
2017-03-20,17.493
2017-03-21,17.4825
2017-03-22,17.3079
2017-03-23,17.4145
2017-03-24,17.4587
2017-03-27,17.3385
2017-03-28,17.4447
2017-03-29,17.5268
2017-03-30,17.5838
2017-03-31,17.5806
2017-04-03,17.7034
2017-04-05,17.7532
2017-04-06,17.7469
2017-04-07,17.6249
2017-04-10,17.5917
2017-04-11,17.6979
2017-04-12,17.6334
2017-04-13,17.5322
2017-04-17,17.5092
2017-04-18,17.4435
2017-04-19,17.4402
2017-04-20,17.5028
2017-04-21,17.4701
2017-04-24,17.6579
2017-04-25,17.8272
2017-04-26,17.9135
2017-04-27,17.8945
2017-04-28,17.8211
2017-05-02,17.8386
2017-05-03,17.8348
2017-05-04,17.928
2017-05-05,17.785
2017-05-08,17.8392
2017-05-09,17.8442
2017-05-10,18.0171
2017-05-11,18.0455
2017-05-12,18.0041
2017-05-15,18.0884
2017-05-16,18.216
2017-05-17,18.2415
2017-05-18,18.057
2017-05-19,18.0537
2017-05-22,18.0727
2017-05-23,17.9726
2017-05-24,17.925
2017-05-25,18.2094
2017-05-26,18.3747
2017-05-29,18.3932
2017-05-30,18.4306
2017-05-31,18.4241
2017-06-01,18.429
2017-06-02,18.5001
2017-06-05,18.5609
2017-06-06,18.4879
2017-06-07,18.5386
2017-06-08,18.5061
2017-06-09,18.5457
2017-06-12,18.4453
2017-06-13,18.4342
2017-06-14,18.4553
2017-06-15,18.3802
2017-06-16,18.3989
2017-06-19,18.5308
2017-06-20,18.5301
2017-06-21,18.4918
2017-06-22,18.4887
2017-06-23,18.3842
2017-06-27,18.262
2017-06-28,18.2229
2017-06-29,18.2584
2017-06-30,18.2922
2017-07-03,18.4714
2017-07-04,18.4679
2017-07-05,18.5147
2017-07-06,18.5931
2017-07-07,18.576
2017-07-10,18.7757
2017-07-11,18.8031
2017-07-12,18.8605
2017-07-13,19.0181
2017-07-14,19.0196
2017-07-17,19.0751
2017-07-18,18.9061
2017-07-19,19.0444
2017-07-20,18.9961
2017-07-21,19.0752
2017-07-24,19.1729
2017-07-25,19.1685
2017-07-26,19.2764
2017-07-27,19.2785
2017-07-28,19.2664
2017-07-31,19.3865
2017-08-01,19.4582
2017-08-02,19.3963
2017-08-03,19.2662
2017-08-04,19.367
2017-08-07,19.3487
2017-08-08,19.1972
2017-08-09,19.0605
2017-08-10,18.893
2017-08-11,18.6914
2017-08-14,18.8488
2017-08-16,19.0452
2017-08-17,19.0568
2017-08-18,18.9291
2017-08-21,18.769
2017-08-22,18.7901
2017-08-23,18.9566
2017-08-24,18.9701
2017-08-28,19.0746
2017-08-29,18.8498
2017-08-30,19.0194
2017-08-31,19.0841
2017-09-01,19.1922
2017-09-04,19.073
2017-09-05,19.149
2017-09-06,19.0785
2017-09-07,19.1058
2017-09-08,19.1147
2017-09-11,19.2516
2017-09-12,19.4149
2017-09-13,19.3838
2017-09-14,19.3977
2017-09-15,19.3941
2017-09-18,19.5236
2017-09-19,19.5124
2017-09-20,19.4999
2017-09-21,19.4638
2017-09-22,19.1612
2017-09-25,18.984
2017-09-26,18.9815
2017-09-27,18.7211
2017-09-28,18.7844
2017-09-29,18.8163
2017-10-03,18.9504
2017-10-04,19.0568
2017-10-05,19.0059
2017-10-06,19.18
2017-10-09,19.1963
2017-10-10,19.2499
2017-10-11,19.1878
2017-10-12,19.4015
2017-10-13,19.5368
2017-10-16,19.6565
2017-10-17,19.6632
2017-10-18,19.6174
2017-10-23,19.5666
2017-10-24,19.6096
2017-10-25,19.7794
2017-10-26,19.872
2017-10-27,19.8314
2017-10-30,19.9085
2017-10-31,19.867
2017-11-01,20.073
2017-11-02,20.0403
2017-11-03,20.099
2017-11-06,20.097
2017-11-07,19.9013
2017-11-08,19.8104
2017-11-09,19.8213
2017-11-10,19.8458
2017-11-13,19.6589
2017-11-14,19.5851
2017-11-15,19.453
2017-11-16,19.638
2017-11-17,19.7694
2017-11-20,19.7973
2017-11-21,19.8512
2017-11-22,19.8802
2017-11-23,19.8922
2017-11-24,19.9705
2017-11-27,19.9881
2017-11-28,19.9314
2017-11-29,19.914
2017-11-30,19.6551
2017-12-01,19.4537
2017-12-04,19.4641
2017-12-05,19.4455
2017-12-06,19.3033
2017-12-07,19.5373
2017-12-08,19.7265
2017-12-11,19.8338
2017-12-12,19.6761
2017-12-13,19.5853
2017-12-14,19.6981
2017-12-15,19.8532
2017-12-18,19.9582
2017-12-19,20.1001
2017-12-20,20.0632
2017-12-21,20.0554
2017-12-22,20.1561
2017-12-26,20.2283
2017-12-27,20.1498
2017-12-28,20.1249
2017-12-29,20.226
2018-01-01,20.0427
2018-01-02,20.0549
2018-01-03,20.0562
2018-01-04,20.1738
2018-01-05,20.2773
2018-01-08,20.399
2018-01-09,20.4236
2018-01-10,20.414
2018-01-11,20.45
2018-01-12,20.5071
2018-01-15,20.6213
2018-01-16,20.5435
2018-01-17,20.7118
2018-01-18,20.7677
2018-01-19,20.916
2018-01-22,21.0532
2018-01-23,21.2775
2018-01-24,21.2813
2018-01-25,21.2498
2018-01-29,21.3648
2018-01-30,21.2117
2018-01-31,21.1693
2018-02-01,21.1498
2018-02-02,20.6577
2018-02-05,20.4769
2018-02-06,20.1549
2018-02-07,20.1176
2018-02-08,20.3215
2018-02-09,20.0838
2018-02-12,20.2469
2018-02-14,20.1718
2018-02-15,20.2582
2018-02-16,20.0786
2018-02-19,19.9329
2018-02-20,19.898
2018-02-21,19.9675
2018-02-22,19.9447
2018-02-23,20.1514
2018-02-26,20.3256
2018-02-27,20.2712
2018-02-28,20.1588
2018-03-01,20.0923
2018-03-05,19.9007
2018-03-06,19.6911
2018-03-07,19.5071
2018-03-08,19.676
2018-03-09,19.6443
2018-03-12,20.0164
2018-03-13,20.0303
2018-03-14,19.999
2018-03-15,19.9012
2018-03-16,19.596
2018-03-19,19.4015
2018-03-20,19.479
2018-03-21,19.5371
2018-03-22,19.4623
2018-03-23,19.238
2018-03-26,19.4908
2018-03-27,19.5928
2018-03-28,19.4549
2018-04-02,19.633
2018-04-03,19.6978
2018-04-04,19.4749
2018-04-05,19.8517
2018-04-06,19.8637
2018-04-09,19.9546
2018-04-10,19.9985
2018-04-11,20.0268
2018-04-12,20.1059
2018-04-13,20.1478
2018-04-16,20.2386
2018-04-17,20.2772
2018-04-18,20.2338
2018-04-19,20.3086
2018-04-20,20.3059
2018-04-23,20.3444
2018-04-24,20.4009
2018-04-25,20.3166
2018-04-26,20.4069
2018-04-27,20.5496
2018-04-30,20.6389
2018-05-02,20.5992
2018-05-03,20.5257
2018-05-04,20.4078
2018-05-07,20.5934
2018-05-08,20.5981
2018-05-09,20.644
2018-05-10,20.5959
2018-05-11,20.7677
2018-05-14,20.7672
2018-05-15,20.758
2018-05-16,20.6412
2018-05-17,20.5288
2018-05-18,20.363
2018-05-21,20.2097
2018-05-22,20.2476
2018-05-23,20.0435
2018-05-24,20.2038
2018-05-25,20.4
2018-05-28,20.5593
2018-05-29,20.4531
2018-05-30,20.4163
2018-05-31,20.6696
2018-06-01,20.593
2018-06-04,20.4651
2018-06-05,20.3972
2018-06-06,20.5721
2018-06-07,20.7322
2018-06-08,20.7305
2018-06-11,20.7668
2018-06-12,20.8733
2018-06-13,20.8998
2018-06-14,20.8358
2018-06-15,20.8542
2018-06-18,20.8192
2018-06-19,20.6477
2018-06-20,20.7657
2018-06-21,20.7105
2018-06-22,20.8648
2018-06-25,20.7502
2018-06-26,20.7627
2018-06-27,20.5851
2018-06-28,20.4282
2018-06-29,20.6691
2018-07-02,20.5581
2018-07-03,20.6389
2018-07-04,20.7731
2018-07-05,20.7413
2018-07-06,20.7852
2018-07-09,20.9391
2018-07-10,21.1205
2018-07-11,21.1252
2018-07-12,21.2722
2018-07-13,21.2639
2018-07-16,21.1066
2018-07-17,21.2451
2018-07-18,21.1932
2018-07-19,21.1666
2018-07-20,21.2682
2018-07-23,21.4111
2018-07-24,21.5061
2018-07-25,21.5014
2018-07-26,21.5739
2018-07-27,21.7871
2018-07-30,21.8661
2018-07-31,21.9372
2018-08-01,21.9166
2018-08-02,21.7236
2018-08-03,21.947
2018-08-06,21.9972
2018-08-07,22.0012
2018-08-08,22.1176
2018-08-09,22.1589
2018-08-10,22.0784
2018-08-13,21.9383
2018-08-14,22.1054
2018-08-16,22.0086
2018-08-17,22.1733
2018-08-20,22.3306
2018-08-21,22.3671
2018-08-23,22.3894
2018-08-24,22.3446
2018-08-27,22.6038
2018-08-28,22.6939
2018-08-29,22.6037
2018-08-30,22.5752
2018-08-31,22.5862
2018-09-03,22.3961
2018-09-04,22.2766
2018-09-05,22.1925
2018-09-06,22.3117
2018-09-07,22.4123
2018-09-10,22.1237
2018-09-11,21.8332
2018-09-12,21.9928
2018-09-14,22.2716
2018-09-17,22.0074
2018-09-18,21.8173
2018-09-19,21.7332
2018-09-21,21.5581
2018-09-24,21.2203
2018-09-25,21.4134
2018-09-26,21.387
2018-09-27,21.2386
2018-09-28,21.1525
2018-10-01,21.3007
2018-10-03,21.0104
2018-10-04,20.5105
2018-10-05,19.9657
2018-10-08,20.0259
2018-10-09,19.935
2018-10-10,20.241
2018-10-11,19.8061
2018-10-12,20.264
2018-10-15,20.3412
2018-10-16,20.4805
2018-10-17,20.2275
2018-10-19,19.9399
2018-10-22,19.8273
2018-10-23,19.6394
2018-10-24,19.7892
2018-10-25,19.6145
2018-10-26,19.4319
2018-10-29,19.8575
2018-10-30,19.7565
2018-10-31,20.1202
2018-11-01,20.1111
2018-11-02,20.4438
2018-11-05,20.3892
2018-11-06,20.4007
2018-11-09,20.5065
2018-11-12,20.3075
2018-11-13,20.5013
2018-11-14,20.4892
2018-11-15,20.5672
2018-11-16,20.6938
2018-11-19,20.8503
2018-11-20,20.6428
2018-11-21,20.534
2018-11-22,20.392
2018-11-26,20.5887
2018-11-27,20.699
2018-11-28,20.7829
2018-11-29,21.0347
2018-11-30,21.0695
2018-12-03,21.0823
2018-12-04,21.0543
2018-12-05,20.8865
2018-12-06,20.5351
2018-12-07,20.7143
2018-12-10,20.3171
2018-12-11,20.4343
2018-12-12,20.7984
2018-12-13,20.9027
2018-12-14,20.9294
2018-12-17,21.0894
2018-12-18,21.1286
2018-12-19,21.2415
2018-12-20,21.2111
2018-12-21,20.8361
2018-12-24,20.6609
2018-12-26,20.7888
2018-12-27,20.8852
2018-12-28,21.0453
2018-12-31,21.0505
2019-01-01,21.1424
2019-01-02,20.9149
2019-01-03,20.6819
2019-01-04,20.7883
2019-01-07,20.8741
2019-01-08,20.9327
2019-01-09,21.0349
2019-01-10,20.97
2019-01-11,20.9183
2019-01-14,20.8072
2019-01-15,21.0953
2019-01-16,21.1017
2019-01-17,21.1325
2019-01-18,21.1356
2019-01-21,21.2414
2019-01-22,21.1659
2019-01-23,20.9897
2019-01-24,21.0322
2019-01-25,20.8982
2019-01-28,20.6678
2019-01-29,20.6503
2019-01-30,20.6494
2019-01-31,20.9955
2019-02-01,21.1166
2019-02-04,21.1522
2019-02-05,21.1952
2019-02-06,21.4482
2019-02-07,21.4614
2019-02-08,21.2182
2019-02-11,21.1169
2019-02-12,21.0083
2019-02-13,20.935
2019-02-14,20.845
2019-02-15,20.8031
2019-02-18,20.6412
2019-02-19,20.5703
2019-02-20,20.824
2019-02-21,20.9335
2019-02-22,20.9368
2019-02-25,21.1076
2019-02-26,21.0208
2019-02-27,20.9653
2019-02-28,20.9456
2019-03-01,21.0816
2019-03-05,21.3212
2019-03-06,21.4479
2019-03-07,21.4578
2019-03-08,21.4135
2019-03-11,21.6696
2019-03-12,21.9265
2019-03-13,22.006
2019-03-14,22.0154
2019-03-15,22.1799
2019-03-18,22.2477
2019-03-19,22.3834
2019-03-20,22.3606
2019-03-22,22.2411
2019-03-25,22.0421
2019-03-26,22.299
2019-03-27,22.2261
2019-03-28,22.4662
2019-03-29,22.5708
2019-04-01,22.6581
2019-04-02,22.7436
2019-04-03,22.609
2019-04-04,22.5197
2019-04-05,22.6514
2019-04-08,22.5317
2019-04-09,22.6624
2019-04-10,22.4923
2019-04-11,22.5162
2019-04-12,22.6067
2019-04-15,22.6972
2019-04-16,22.8846
2019-04-18,22.8176
2019-04-22,22.5095
2019-04-23,22.4733
2019-04-24,22.7652
2019-04-25,22.6014
2019-04-26,22.8202
2019-04-30,22.8068
2019-05-02,22.7611
2019-05-03,22.7355
2019-05-06,22.5133
2019-05-07,22.3233
2019-05-08,22.0572
2019-05-09,21.9447
2019-05-10,21.8987
2019-05-13,21.6454
2019-05-14,21.7899
2019-05-15,21.6637
2019-05-16,21.8578
2019-05-17,22.1482
2019-05-20,22.9628
2019-05-21,22.7319
2019-05-22,22.8109
2019-05-23,22.658
2019-05-24,23.02
2019-05-27,23.177
2019-05-28,23.1859
2019-05-29,23.054
2019-05-30,23.2177
2019-05-31,23.1727
2019-06-03,23.4957
2019-06-04,23.3749
2019-06-06,23.0298
2019-06-07,23.0817
2019-06-10,23.1819
2019-06-11,23.2649
2019-06-12,23.1496
2019-06-13,23.1855
2019-06-14,23.0095
2019-06-17,22.7161
2019-06-18,22.7532
2019-06-19,22.753
2019-06-20,23.0441
2019-06-21,22.8357
2019-06-24,22.7878
2019-06-25,22.9753
2019-06-26,23.0738
2019-06-27,23.0625
2019-06-28,22.96
2019-07-01,23.1083
2019-07-02,23.1946
2019-07-03,23.207
2019-07-04,23.2707
2019-07-05,23.0076
2019-07-08,22.52
2019-07-09,22.5145
2019-07-10,22.4047
2019-07-11,22.5715
2019-07-12,22.5132
2019-07-15,22.5844
2019-07-16,22.7328
2019-07-17,22.7811
2019-07-18,22.6089
2019-07-19,22.2782
2019-07-22,22.139
2019-07-23,22.109
2019-07-24,22.0042
2019-07-25,21.971
2019-07-26,22.0336
2019-07-29,21.8494
2019-07-30,21.6469
2019-07-31,21.711
2019-08-01,21.4485
2019-08-02,21.4928
2019-08-05,21.2307
2019-08-06,21.3969
2019-08-07,21.2161
2019-08-08,21.5638
2019-08-09,21.7142
2019-08-13,21.3607
2019-08-14,21.569
2019-08-16,21.6048
2019-08-19,21.6207
2019-08-20,21.5501
2019-08-21,21.3625
2019-08-22,21.0209
2019-08-23,21.1926
2019-08-26,21.638
2019-08-27,21.7306
2019-08-28,21.615
2019-08-29,21.4242
2019-08-30,21.5705
2019-09-03,21.1304
2019-09-04,21.2217
2019-09-05,21.228
2019-09-06,21.4199
2019-09-09,21.5307
2019-09-11,21.5944
2019-09-12,21.4911
2019-09-13,21.6727
2019-09-16,21.5313
2019-09-17,21.1685
2019-09-18,21.2134
2019-09-19,20.9484
2019-09-20,22.0603
2019-09-23,22.6968
2019-09-24,22.6733
2019-09-25,22.3835
2019-09-26,22.6391
2019-09-27,22.5246
2019-09-30,22.4501
2019-10-01,22.2264
2019-10-03,22.1365
2019-10-04,21.8646
2019-10-07,21.7699
2019-10-09,22.1337
2019-10-10,21.9807
2019-10-11,22.1181
2019-10-14,22.1884
2019-10-15,22.3586
2019-10-16,22.4283
2019-10-17,22.6896
2019-10-18,22.837
2019-10-22,22.6927
2019-10-23,22.7409
2019-10-24,22.6986
2019-10-25,22.7009
2019-10-29,23.0969
2019-10-30,23.2093
2019-10-31,23.2748
2019-11-01,23.3004
2019-11-04,23.3991
2019-11-05,23.3519
2019-11-06,23.4474
2019-11-07,23.5372
2019-11-08,23.3336
2019-11-11,23.3433
2019-11-13,23.2002
2019-11-14,23.262
2019-11-15,23.3075
2019-11-18,23.2855
2019-11-19,23.394
2019-11-20,23.5094
2019-11-21,23.449
2019-11-22,23.343
2019-11-25,23.6543
2019-11-26,23.5836
2019-11-27,23.7072
2019-11-28,23.8056
2019-11-29,23.6193
2019-12-02,23.6034
2019-12-03,23.4975
2019-12-04,23.5933
2019-12-05,23.5444
2019-12-06,23.3543
2019-12-09,23.3851
2019-12-10,23.2279
2019-12-11,23.332
2019-12-12,23.4525
2019-12-13,23.6771
2019-12-16,23.6125
2019-12-17,23.8295
2019-12-18,23.9401
2019-12-19,24.0155
2019-12-20,24.0391
2019-12-23,24.0207
2019-12-24,23.9262
2019-12-26,23.7551
2019-12-27,23.9866
2019-12-30,24.0056
2019-12-31,23.8345
2020-01-01,23.8619
2020-01-02,24.0565
2020-01-03,23.9476
2020-01-06,23.4892
2020-01-07,23.6062
2020-01-08,23.552
2020-01-09,23.9246
2020-01-10,24.0044
2020-01-13,24.1463
2020-01-14,24.2101
2020-01-15,24.1719
2020-01-16,24.1956
2020-01-17,24.1893
2020-01-20,23.9388
2020-01-21,23.8315
2020-01-22,23.7081
2020-01-23,23.854
2020-01-24,23.9883
2020-01-27,23.7346
2020-01-28,23.6111
2020-01-29,23.7552
2020-01-30,23.5716
2020-01-31,23.4272
2020-02-03,22.9296
2020-02-04,23.4605
2020-02-05,23.6744
2020-02-06,23.7696
2020-02-07,23.692
2020-02-10,23.5606
2020-02-11,23.7097
2020-02-12,23.8921
2020-02-13,23.8399
2020-02-14,23.72
2020-02-17,23.5915
2020-02-18,23.4872
2020-02-19,23.7475
2020-02-20,23.6593
2020-02-24,23.1669
2020-02-25,23.1052
2020-02-26,22.8718
2020-02-27,22.7834
2020-02-28,21.9397
2020-03-02,21.807
2020-03-03,22.1504
2020-03-04,22.0481
2020-03-05,22.0864
2020-03-06,21.5409
2020-03-09,20.4904
2020-03-11,20.5036
2020-03-12,18.8092
2020-03-13,19.5207
2020-03-16,18.0207
2020-03-17,17.5544
2020-03-18,16.5891
2020-03-19,16.1978
2020-03-20,17.136
2020-03-23,14.9351
2020-03-24,15.3129
2020-03-25,16.3197
2020-03-26,16.9502
2020-03-27,16.9866
2020-03-30,16.2469
2020-03-31,16.8676
2020-04-01,16.1949
2020-04-03,15.8624
2020-04-07,17.2461
2020-04-08,17.1613
2020-04-09,17.8699
2020-04-13,17.6389
2020-04-15,17.5051
2020-04-16,17.6362
2020-04-17,18.1689
2020-04-20,18.1594
2020-04-21,17.6125
2020-04-22,18.0137
2020-04-23,18.2602
2020-04-24,17.949
2020-04-27,18.1982
2020-04-28,18.3901
2020-04-29,18.7305
2020-04-30,19.3294
2020-05-04,18.2237
2020-05-05,18.0538
2020-05-06,18.1806
2020-05-07,18.0409
2020-05-08,18.1425
2020-05-11,18.1185
2020-05-12,18.0356
2020-05-13,18.4017
2020-05-14,17.9279
2020-05-15,17.918
2020-05-18,17.3065
2020-05-19,17.4115
2020-05-20,17.7821
2020-05-21,17.8596
2020-05-22,17.7281
2020-05-26,17.7076
2020-05-27,18.2658
2020-05-28,18.6081
2020-05-29,18.8014
2020-06-01,19.2813
2020-06-02,19.5818
2020-06-03,19.7459
2020-06-04,19.6822
2020-06-05,19.9028
2020-06-08,19.9515
2020-06-09,19.7152
2020-06-10,19.8508
2020-06-11,19.4334
2020-06-12,19.5715
2020-06-15,19.2598
2020-06-16,19.4545
2020-06-17,19.3901
2020-06-18,19.8011
2020-06-19,20.1044
2020-06-22,20.2353
2020-06-23,20.5474
2020-06-24,20.2241
2020-06-25,20.1918
2020-06-26,20.3765
2020-06-29,20.2381
2020-06-30,20.2178
2020-07-01,20.4679
2020-07-02,20.7153
2020-07-03,20.824
2020-07-06,21.1297
2020-07-07,21.1997
2020-07-08,21.0154
2020-07-09,21.2424
2020-07-10,21.1536
2020-07-13,21.2222
2020-07-14,20.8406
2020-07-15,20.8616
2020-07-16,21.1022
2020-07-17,21.4172
2020-07-20,21.6519
2020-07-21,21.9252
2020-07-22,21.8671
2020-07-23,22.0316
2020-07-24,21.9897
2020-07-27,21.8674
2020-07-28,22.1969
2020-07-29,22.0066
2020-07-30,21.8158
2020-07-31,21.761
2020-08-03,21.4056
2020-08-04,21.8038
2020-08-05,21.8216
2020-08-06,22.0196
2020-08-07,22.0466
2020-08-10,22.1559
2020-08-11,22.2581
2020-08-12,22.2303
2020-08-13,22.2242
2020-08-14,21.9853
2020-08-17,22.1192
2020-08-18,22.3892
2020-08-19,22.4361
2020-08-20,22.2478
2020-08-21,22.3635
2020-08-24,22.5488
2020-08-25,22.5601
2020-08-26,22.7166
2020-08-27,22.7352
2020-08-28,22.9109
2020-08-31,22.4004
2020-09-01,22.5626
2020-09-02,22.6941
2020-09-03,22.6798
2020-09-04,22.3
2020-09-07,22.341
2020-09-08,22.2667
2020-09-09,22.1893
2020-09-10,22.5255
2020-09-11,22.5551
2020-09-14,22.5076
2020-09-15,22.6686
2020-09-16,22.8309
2020-09-17,22.6573
2020-09-18,22.6352
2020-09-21,22.1352
2020-09-22,21.9448
2020-09-23,21.9024
2020-09-24,21.2694
2020-09-25,21.7483
2020-09-28,22.096
2020-09-29,22.0857
2020-09-30,22.1347
2020-10-01,22.4671
2020-10-05,22.6357
2020-10-06,22.9507
2020-10-07,23.1006
2020-10-08,23.2886
2020-10-09,23.4451
2020-10-12,23.4773
2020-10-13,23.4841
2020-10-14,23.5613
2020-10-15,22.9894
2020-10-16,23.1507
2020-10-19,23.3676
2020-10-20,23.414
2020-10-21,23.4941
2020-10-22,23.4149
2020-10-23,23.5015
2020-10-26,23.1811
2020-10-27,23.4201
2020-10-28,23.112
2020-10-29,23.0026
2020-10-30,22.9464
2020-11-02,22.9984
2020-11-03,23.2815
2020-11-04,23.4778
2020-11-05,23.8935
2020-11-06,24.1744
2020-11-09,24.5621
2020-11-10,24.897
2020-11-11,25.1287
2020-11-12,25.0125
2020-11-13,25.0696
2020-11-17,25.3724
2020-11-18,25.498
2020-11-19,25.1702
2020-11-20,25.3418
2020-11-23,25.4738
2020-11-24,25.7271
2020-11-25,25.3397
2020-11-26,25.5922
2020-11-27,25.5566
2020-12-01,25.8309
2020-12-02,25.8399
2020-12-03,25.8795
2020-12-04,26.1246
2020-12-07,26.3154
2020-12-08,26.3883
2020-12-09,26.6558
2020-12-10,26.5557
2020-12-11,26.6254
2020-12-14,26.7118
2020-12-15,26.7306
2020-12-16,26.9562
2020-12-17,27.0759
2020-12-18,27.1146
2020-12-21,26.2637
2020-12-22,26.5343
2020-12-23,26.8026
2020-12-24,27.0939
2020-12-28,27.3382
2020-12-29,27.4554
2020-12-30,27.5523
2020-12-31,27.5516
2021-01-01,27.6238
2021-01-04,27.8479
2021-01-05,27.9787
2021-01-06,27.8738
2021-01-07,27.8559
2021-01-08,28.2689
2021-01-11,28.539
2021-01-12,28.6937
2021-01-13,28.6963
2021-01-14,28.7595
2021-01-15,28.4403
2021-01-18,28.1396
2021-01-19,28.6115
2021-01-20,28.8544
2021-01-21,28.749
2021-01-22,28.3193
2021-01-25,28.0568
2021-01-27,27.5246
2021-01-28,27.2293
2021-01-29,26.8686
2021-02-01,28.1383
2021-02-02,28.8587
2021-02-03,29.1379
2021-02-04,29.3458
2021-02-05,29.4019
2021-02-08,29.7794
2021-02-09,29.7691
2021-02-10,29.7621
2021-02-11,29.8998
2021-02-12,29.8799
2021-02-15,30.181
2021-02-16,30.1782
2021-02-17,29.9813
2021-02-18,29.8043
2021-02-19,29.5342
2021-02-22,28.9516
2021-02-23,29.0145
2021-02-24,29.5538
2021-02-25,29.7805
2021-02-26,28.6621
2021-03-01,29.1184
2021-03-02,29.4279
2021-03-03,30.0695
2021-03-04,29.7449
2021-03-05,29.464
2021-03-08,29.5036
2021-03-09,29.7832
2021-03-10,29.9333
2021-03-12,29.6496
2021-03-15,29.4539
2021-03-16,29.416
2021-03-17,29.0431
2021-03-18,28.721
2021-03-19,29.0874
2021-03-22,29.0738
2021-03-23,29.231
2021-03-24,28.7084
2021-03-25,28.2677
2021-03-26,28.6273
2021-03-30,29.2917
2021-03-31,28.9854
2021-04-01,29.3332
2021-04-05,28.695
2021-04-06,28.7857
2021-04-07,29.0498
2021-04-08,29.1597
2021-04-09,29.0834
2021-04-12,28.0594
2021-04-13,28.4378
2021-04-15,28.587
2021-04-16,28.6578
2021-04-19,28.1521
2021-04-20,28.0287
2021-04-22,28.2427
2021-04-23,28.1158
2021-04-26,28.3963
2021-04-27,28.7246
2021-04-28,29.1378
2021-04-29,29.2051
2021-04-30,28.6873
2021-05-03,28.6929
2021-05-04,28.4236
2021-05-05,28.6608
2021-05-06,28.8696
2021-05-07,29.0613
2021-05-10,29.2936
2021-05-11,29.1149
2021-05-12,28.8138
2021-05-14,28.7706
2021-05-17,29.25
2021-05-18,29.6113
2021-05-19,29.4591
2021-05-20,29.2167
2021-05-21,29.7417
2021-05-24,29.7851
2021-05-25,29.8152
2021-05-26,29.9965
2021-05-27,30.0674
2021-05-28,30.2581
2021-05-31,30.5891
2021-06-01,30.5734
2021-06-02,30.5759
2021-06-03,30.8061
2021-06-04,30.7668
2021-06-07,30.9254
2021-06-08,30.9027
2021-06-09,30.6982
2021-06-10,30.9246
2021-06-11,31.0546
2021-06-14,31.0855
2021-06-15,31.1974
2021-06-16,30.9988
2021-06-17,30.8588
2021-06-18,30.8418
2021-06-21,30.9646
2021-06-22,31.0158
2021-06-23,30.8477
2021-06-24,31.0514
2021-06-25,31.1878
2021-06-28,31.0982
2021-06-29,30.9812
2021-06-30,30.9285
2021-07-01,30.847
2021-07-02,30.9295
2021-07-05,31.1518
2021-07-06,31.1201
2021-07-07,31.2403
2021-07-08,30.9523
2021-07-09,30.8788
2021-07-12,30.884
2021-07-13,31.1182
2021-07-14,31.2023
2021-07-15,31.3473
2021-07-16,31.3456
2021-07-19,31.0104
2021-07-20,30.7749
2021-07-22,31.1532
2021-07-23,31.2241
2021-07-26,31.1618
2021-07-27,31.012
2021-07-28,30.9491
2021-07-29,31.0906
2021-07-30,31.0602
2021-08-02,31.3012
2021-08-03,31.7825
2021-08-04,32.0336
2021-08-05,32.1081
2021-08-06,31.9975
2021-08-09,32.0384
2021-08-10,32.0811
2021-08-11,32.0857
2021-08-12,32.2501
2021-08-13,32.5731
2021-08-16,32.639
2021-08-17,32.7427
2021-08-18,32.6528
2021-08-20,32.4202
2021-08-23,32.5111
2021-08-24,32.7627
2021-08-25,32.7823
2021-08-26,32.7866
2021-08-27,32.9208
2021-08-30,33.3646
2021-08-31,33.7601
2021-09-01,33.6498
2021-09-02,33.9639
2021-09-03,34.1398
2021-09-06,34.2462
2021-09-07,34.215
2021-09-08,34.2125
2021-09-09,34.2433
2021-09-13,34.2154
2021-09-14,34.2637
2021-09-15,34.5374
2021-09-16,34.7535
2021-09-17,34.6662
2021-09-20,34.2959
2021-09-21,34.6208
2021-09-22,34.5904
2021-09-23,35.1336
2021-09-24,35.1929
2021-09-27,35.1959
2021-09-28,34.9844
2021-09-29,34.9109
2021-09-30,34.7276
2021-10-01,34.5575
2021-10-04,34.8706
2021-10-05,35.1327
2021-10-06,34.7865
2021-10-07,35.0701
2021-10-08,35.2759
2021-10-11,35.3753
2021-10-12,35.4655
2021-10-13,35.7991
2021-10-14,36.1497
2021-10-18,36.4209
2021-10-19,36.3064
2021-10-20,36.0079
2021-10-21,35.8386
2021-10-22,35.7136
2021-10-25,35.7334
2021-10-26,36.0476
2021-10-27,35.9342
2021-10-28,35.2395
2021-10-29,34.8745
2021-11-01,35.3804
2021-11-02,35.3045
2021-11-03,35.1869
2021-11-08,35.6558
2021-11-09,35.6078
2021-11-10,35.5544
2021-11-11,35.2799
2021-11-12,35.7299
2021-11-15,35.7422
2021-11-16,35.5258
2021-11-17,35.3282
2021-11-18,35.0653
2021-11-22,34.39
2021-11-23,34.5598
2021-11-24,34.3862
2021-11-25,34.624
2021-11-26,33.6219
2021-11-29,33.6752
2021-11-30,33.5359
2021-12-01,33.8968
2021-12-02,34.3581
2021-12-03,33.9549
2021-12-06,33.395
2021-12-07,33.9134
2021-12-08,34.4876
2021-12-09,34.5798
2021-12-10,34.5686
2021-12-13,34.2875
2021-12-14,34.2022
2021-12-15,33.999
2021-12-16,34.0517
2021-12-17,33.535
2021-12-20,32.8063
2021-12-21,33.1132
2021-12-22,33.4853
2021-12-23,33.7145
2021-12-24,33.5795
2021-12-27,33.7403
2021-12-28,34.0278
2021-12-29,33.9891
2021-12-30,33.9688
2021-12-31,34.2633
2022-01-03,34.7962
2022-01-04,35.1487
2022-01-05,35.3847
2022-01-06,35.032
2022-01-07,35.163
2022-01-10,35.5369
2022-01-11,35.6398
2022-01-12,35.9473
2022-01-13,36.0365
2022-01-14,36.0323
2022-01-17,36.135
2022-01-18,35.7506
2022-01-19,35.4094
2022-01-20,35.0565
2022-01-21,34.7814
2022-01-24,33.8615
2022-01-25,34.1151
2022-01-27,33.7837
2022-01-28,33.7673
2022-01-31,34.235
2022-02-01,34.7011
2022-02-02,35.1004
2022-02-03,34.6765
2022-02-04,34.5899
2022-02-07,33.994
2022-02-08,34.0981
2022-02-09,34.493
2022-02-10,34.7739
2022-02-11,34.3202
2022-02-14,33.2936
2022-02-15,34.2958
2022-02-16,34.2446
2022-02-17,34.2097
2022-02-18,34.1538
2022-02-21,34.0271
2022-02-22,33.8019
2022-02-23,33.7447
2022-02-24,32.1409
2022-02-25,32.9576
2022-02-28,33.2236
2022-03-02,32.8535
2022-03-03,32.6413
2022-03-04,32.1443
2022-03-07,31.3915
2022-03-08,31.6862
2022-03-09,32.3392
2022-03-10,32.8295
2022-03-11,32.8991
2022-03-14,33.3721
2022-03-15,32.962
2022-03-16,33.5761
2022-03-17,34.1891
2022-03-21,33.8544
2022-03-22,34.2439
2022-03-23,34.1062
2022-03-24,34.0608
2022-03-25,33.9232
2022-03-28,34.0585
2022-03-29,34.2624
2022-03-30,34.6034
2022-03-31,34.5384
2022-04-01,34.9436
2022-04-04,35.6972
2022-04-05,35.5108
2022-04-06,35.2151
2022-04-07,34.8826
2022-04-08,35.1678
2022-04-11,34.9512
2022-04-12,34.6655
2022-04-13,34.5575
2022-04-18,33.96
2022-04-19,33.5349
2022-04-20,33.8861
2022-04-21,34.3919
2022-04-22,33.9573
2022-04-25,33.5267
2022-04-26,34.0135
2022-04-27,33.6937
2022-04-28,34.1089
2022-04-29,33.8281
2022-05-02,33.7614
2022-05-04,32.9899
2022-05-05,32.9994
2022-05-06,32.4651
2022-05-09,32.2489
2022-05-10,32.1272
2022-05-11,31.9835
2022-05-12,31.3071
2022-05-13,31.256
2022-05-16,31.3736
2022-05-17,32.1941
2022-05-18,32.1564
2022-05-19,31.3082
2022-05-20,32.2071
2022-05-23,32.1049
2022-05-24,31.9285
2022-05-25,31.7552
2022-05-26,32.0635
2022-05-27,32.4234
2022-05-30,33.0329
2022-05-31,32.9319
2022-06-01,32.81
2022-06-02,33.0181
2022-06-03,32.9322
2022-06-06,32.9025
2022-06-07,32.6
2022-06-08,32.4811
2022-06-09,32.7271
2022-06-10,32.1797
2022-06-13,31.3347
2022-06-14,31.2507
2022-06-15,31.1974
2022-06-16,30.5429
2022-06-17,30.411
2022-06-20,30.5254
2022-06-21,31.0945
2022-06-22,30.6497
2022-06-23,30.9323
2022-06-24,31.2146
2022-06-27,31.4765
2022-06-28,31.512
2022-06-29,31.4109
2022-06-30,31.3849
2022-07-01,31.3291
2022-07-04,31.5013
2022-07-05,31.4522
2022-07-06,31.8065
2022-07-07,32.0906
2022-07-08,32.2653
2022-07-11,32.2568
2022-07-12,31.9442
2022-07-13,31.762
2022-07-14,31.7167
2022-07-15,31.9355
2022-07-18,32.3889
2022-07-19,32.5163
2022-07-20,32.8731
2022-07-21,33.0606
2022-07-22,33.2866
2022-07-25,33.1099
2022-07-26,32.8177
2022-07-27,33.1351
2022-07-28,33.7059
2022-07-29,34.1596
2022-08-01,34.5232
2022-08-02,34.5353
2022-08-03,34.6237
2022-08-04,34.611
2022-08-05,34.6414
2022-08-08,34.9107
2022-08-10,34.9358
2022-08-11,35.1946
2022-08-12,35.2735
2022-08-16,35.5249
2022-08-17,35.7609
2022-08-18,35.8036
2022-08-19,35.4169
2022-08-22,34.8831
2022-08-23,35.0555
2022-08-24,35.1099
2022-08-25,34.9454
2022-08-26,35.0177
2022-08-29,34.5273
2022-08-30,35.4153
2022-09-01,34.9838
2022-09-02,34.9769
2022-09-05,35.2275
2022-09-06,35.2069
2022-09-07,35.1445
2022-09-08,35.4911
2022-09-09,35.5597
2022-09-12,35.7639
2022-09-13,36.0297
2022-09-14,35.8974
2022-09-15,35.6303
2022-09-16,34.9406
2022-09-19,35.1215
2022-09-20,35.5073
2022-09-21,35.3093
2022-09-22,35.1328
2022-09-23,34.5305
2022-09-26,33.9104
2022-09-27,33.8924
2022-09-28,33.5958
2022-09-29,33.5056
2022-09-30,34.0558
2022-10-03,33.6437
2022-10-04,34.414
2022-10-06,34.528
2022-10-07,34.4936
2022-10-10,34.3461
2022-10-11,33.8332
2022-10-12,34.1119
2022-10-13,33.8941
2022-10-14,34.235
2022-10-17,34.4891
2022-10-18,34.8375
2022-10-19,34.8923
2022-10-20,34.9949
2022-10-21,35.0192
2022-10-25,35.1773
2022-10-27,35.3643
2022-10-28,35.4633
2022-10-31,35.9139
2022-11-01,36.1858
2022-11-02,36.0609
2022-11-03,36.0006
2022-11-04,36.1285
2022-11-07,36.2981
2022-11-09,36.2114
2022-11-10,35.9547
2022-11-11,36.5947
2022-11-14,36.5525
2022-11-15,36.7001
2022-11-16,36.7122
2022-11-17,36.5809
2022-11-18,36.5084
2022-11-21,36.2134
2022-11-22,36.3808
2022-11-23,36.4263
2022-11-24,36.858
2022-11-25,36.9147
2022-11-28,37.0134
2022-11-29,37.1232
2022-11-30,37.4023
2022-12-01,37.5098
2022-12-02,37.2775
2022-12-05,37.2864
2022-12-06,37.17
2022-12-07,37.006
2022-12-08,37.103
2022-12-09,36.878
2022-12-12,36.8781
2022-12-13,37.0989
2022-12-14,37.2028
2022-12-15,36.7143
2022-12-16,36.4237
2022-12-19,36.7252
2022-12-20,36.6548
2022-12-21,36.2835
2022-12-22,36.1403
2022-12-23,35.5012
2022-12-26,35.9143
2022-12-27,36.1484
2022-12-28,36.1285
2022-12-29,36.2645
2022-12-30,36.0934
2023-01-02,36.2762
2023-01-03,36.3458
2023-01-04,35.9677
2023-01-05,35.8661
2023-01-06,35.6017
2023-01-09,36.0819
2023-01-10,35.7092
2023-01-11,35.6722
2023-01-12,35.5972
2023-01-13,35.7927
2023-01-16,35.6689
2023-01-17,35.9839
2023-01-18,36.2064
2023-01-19,36.0966
2023-01-20,35.9368
2023-01-23,36.1168
2023-01-24,36.1168
2023-01-25,35.6658
2023-01-27,35.0926
2023-01-30,35.1806
2023-01-31,35.2065
2023-02-01,35.1155
2023-02-02,35.1036
2023-02-03,35.5878
2023-02-06,35.4088
2023-02-07,35.3229
2023-02-08,35.6246
2023-02-09,35.6676
2023-02-10,35.5939
2023-02-13,35.4228
2023-02-14,35.7387
2023-02-15,35.9353
2023-02-16,35.9748
2023-02-17,35.7921
2023-02-20,35.5931
2023-02-21,35.5571
2023-02-22,35.0145
2023-02-23,34.9288
2023-02-24,34.8388
2023-02-27,34.693
2023-02-28,34.5167
2023-03-01,34.8092
2023-03-02,34.5515
2023-03-03,35.0937
2023-03-06,35.3262
2023-03-08,35.411
2023-03-09,35.0827
2023-03-10,34.7306
2023-03-13,34.2154
2023-03-14,33.9944
2023-03-15,33.8524
2023-03-16,33.8791
2023-03-17,34.1065
2023-03-20,33.8837
2023-03-21,34.1206
2023-03-22,34.2086
2023-03-23,34.0589
2023-03-24,33.7963
2023-03-27,33.8766
2023-03-28,33.809
2023-03-29,34.065
2023-03-31,34.6224
2023-04-03,34.6964
2023-04-05,35.0118
2023-04-06,35.0952
2023-04-10,35.1436
2023-04-11,35.3389
2023-04-12,35.518
2023-04-13,35.5526
2023-04-17,35.3097
2023-04-18,35.2163
2023-04-19,35.134
2023-04-20,35.1452
2023-04-21,35.1459
2023-04-24,35.3823
2023-04-25,35.4333
2023-04-26,35.5211
2023-04-27,35.7229
2023-04-28,36.0292
2023-05-02,36.1923
2023-05-03,36.0772
2023-05-04,36.407
2023-05-05,36.034
2023-05-08,36.4217
2023-05-09,36.4244
2023-05-10,36.522
2023-05-11,36.4854
2023-05-12,36.5211
2023-05-15,36.6875
2023-05-16,36.5369
2023-05-17,36.3284
2023-05-18,36.2255
2023-05-19,36.374
2023-05-22,36.5932
2023-05-23,36.6597
2023-05-24,36.5344
2023-05-25,36.6055
2023-05-26,36.9597
2023-05-29,37.1567
2023-05-30,37.2266
2023-05-31,37.0481
2023-06-01,36.9541
2023-06-02,37.0781
2023-06-05,37.1961
2023-06-06,37.206
2023-06-07,37.4586
2023-06-08,37.2754
2023-06-09,37.1381
2023-06-12,37.2128
2023-06-13,37.4404
2023-06-14,37.5189
2023-06-15,37.3949
2023-06-16,37.6697
2023-06-19,37.5369
2023-06-20,37.6585
2023-06-21,37.7383
2023-06-22,37.5679
2023-06-23,37.3573
2023-06-26,37.4074
2023-06-27,37.6584
2023-06-28,37.9654
2023-06-30,38.4015
2023-07-03,38.6673
2023-07-04,38.8238
2023-07-05,38.84
2023-07-06,39.0369
2023-07-07,38.7123
2023-07-10,38.7593
2023-07-11,38.9272
2023-07-12,38.8168
2023-07-13,38.8936
2023-07-14,39.2004
2023-07-17,39.4925
2023-07-18,39.5689
2023-07-19,39.7354
2023-07-20,40.0359
2023-07-21,39.5714
2023-07-24,39.425
2023-07-25,39.4416
2023-07-26,39.6359
2023-07-27,39.4042
