ticker,price,previous_close,change,pct_change,company_name,sector,date,timestamp
^NSEI,22421.94921875,22620.44921875,-198.5,-0.8775245711542463,Nifty 50,Benchmark Index,4 Oct 2026,2026-10-04T11:04:28.796087
^BSESN,71909.703125,72480.2890625,-570.5859375,-0.7872291141222985,Sensex,Benchmark Index,4 Oct 2026,2026-10-04T11:04:28.796087
^NSEBANK,54450.75,54633.05078125,-182.30078125,-0.3336822283271894,Bank Nifty,Sectoral Index,4 Oct 2026,2026-10-04T11:04:28.796087
INR=X,96.3000030517578,96.22480010986328,0.0752029418945312,0.0781533885325502,USD / INR,Currency,4 Oct 2026,2026-10-04T11:04:28.796087
GC=F,4162.2998046875,4202.2998046875,-40.0,-0.9518597401209112,Gold (USD/oz),Commodity,4 Oct 2026,2026-10-04T11:04:28.796087
ADANIENT.NS,2816.800048828125,2903.39990234375,-86.599853515625,-2.9827049813467945,Adani Enterprises,Metals & Mining,4 Oct 2026,2026-10-04T11:04:35.838055
ADANIPORTS.NS,1737.800048828125,1798.300048828125,-60.5,-3.364288403340992,Adani Ports & SEZ,Services,4 Oct 2026,2026-10-04T11:04:35.838055
APOLLOHOSP.NS,8133.5,8165.5,-32.0,-0.391892719368073,Apollo Hospitals,Healthcare,4 Oct 2026,2026-10-04T11:04:35.838055
ASIANPAINT.NS,2407.0,2402.60009765625,4.39990234375,0.1831308651007768,Asian Paints,Consumer Durables,4 Oct 2026,2026-10-04T11:04:35.838055
AXISBANK.NS,1217.0999755859375,1226.0,-8.9000244140625,-0.7259400011470228,Axis Bank,Financial Services,4 Oct 2026,2026-10-04T11:04:35.838055
BAJAJ-AUTO.NS,10045.0,10874.0,-829.0,-7.623689534669855,Bajaj Auto,Automobile,4 Oct 2026,2026-10-04T11:04:35.838055
BAJFINANCE.NS,948.2999877929688,959.4000244140624,-11.10003662109375,-1.1569768958337177,Bajaj Finance,Financial Services,4 Oct 2026,2026-10-04T11:04:35.838055
BAJAJFINSV.NS,1732.5999755859375,1731.0,1.5999755859375,0.092430709759532,Bajaj Finserv,Financial Services,4 Oct 2026,2026-10-04T11:04:35.838055
BEL.NS,383.1000061035156,388.2999877929688,-5.199981689453125,-1.3391660708023552,Bharat Electronics,Capital Goods,4 Oct 2026,2026-10-04T11:04:35.838055
BHARTIARTL.NS,1741.0999755859375,1757.0,-15.9000244140625,-0.9049530116142572,Bharti Airtel,Telecommunication,4 Oct 2026,2026-10-04T11:04:35.838055
CIPLA.NS,1344.0,1346.0,-2.0,-0.1485884101040119,Cipla,Healthcare,4 Oct 2026,2026-10-04T11:04:35.838055
COALINDIA.NS,420.3999938964844,425.0,-4.600006103515625,-1.0823543772977942,Coal India,Oil Gas & Consumable Fuels,4 Oct 2026,2026-10-04T11:04:35.838055
DRREDDY.NS,1206.199951171875,1233.0,-26.800048828125,-2.173564381843065,Dr. Reddy's Laboratories,Healthcare,4 Oct 2026,2026-10-04T11:04:35.838055
EICHERMOT.NS,6920.0,7150.0,-230.0,-3.2167832167832167,Eicher Motors,Automobile,4 Oct 2026,2026-10-04T11:04:35.838055
ETERNAL.NS,313.8999938964844,320.0,-6.100006103515625,-1.9062519073486328,Eternal,Consumer Services,4 Oct 2026,2026-10-04T11:04:35.838055
GRASIM.NS,2962.0,3061.89990234375,-99.89990234375,-3.2626769499316746,Grasim Industries,Construction Materials,4 Oct 2026,2026-10-04T11:04:35.838055
HCLTECH.NS,1243.0999755859375,1230.0,13.0999755859375,1.065038665523374,HCLTech,Information Technology,4 Oct 2026,2026-10-04T11:04:35.838055
HDFCBANK.NS,721.2000122070312,708.7000122070312,12.5,1.7637928297859824,HDFC Bank,Financial Services,4 Oct 2026,2026-10-04T11:04:35.838055
HDFCLIFE.NS,534.2000122070312,521.2000122070312,13.0,2.494243993769542,HDFC Life,Financial Services,4 Oct 2026,2026-10-04T11:04:35.838055
HINDALCO.NS,941.8499755859376,941.7999877929688,0.04998779296875,0.005307686729312,Hindalco Industries,Metals & Mining,4 Oct 2026,2026-10-04T11:04:35.838055
HINDUNILVR.NS,1836.0,1879.0999755859373,-43.0999755859375,-2.2936499465654108,Hindustan Unilever,FMCG,4 Oct 2026,2026-10-04T11:04:35.838055
ICICIBANK.NS,1310.5999755859375,1321.699951171875,-11.0999755859375,-0.8398256787477213,ICICI Bank,Financial Services,4 Oct 2026,2026-10-04T11:04:35.838055
INDIGO.NS,4929.89990234375,4984.0,-54.10009765625,-1.0854754746438604,IndiGo,Services,4 Oct 2026,2026-10-04T11:04:35.838055
ITC.NS,255.8999938964844,262.75,-6.850006103515625,-2.6070432363522835,ITC,FMCG,4 Oct 2026,2026-10-04T11:04:35.838055
JIOFIN.NS,212.5,216.8800048828125,-4.3800048828125,-2.019552187477662,Jio Financial Services,Financial Services,4 Oct 2026,2026-10-04T11:04:35.838055
JSWSTEEL.NS,1233.0,1253.4000244140625,-20.4000244140625,-1.6275749175606626,JSW Steel,Metals & Mining,4 Oct 2026,2026-10-04T11:04:35.838055
KOTAKBANK.NS,418.3500061035156,417.0,1.350006103515625,0.3237424708670564,Kotak Mahindra Bank,Financial Services,4 Oct 2026,2026-10-04T11:04:35.838055
LT.NS,3693.39990234375,3760.0,-66.60009765625,-1.7712791929853724,Larsen & Toubro,Construction,4 Oct 2026,2026-10-04T11:04:35.838055
M&M.NS,2860.0,2950.0,-90.0,-3.050847457627119,Mahindra & Mahindra,Automobile,4 Oct 2026,2026-10-04T11:04:35.838055
MARUTI.NS,11386.0,11967.0,-581.0,-4.855017966073368,Maruti Suzuki,Automobile,4 Oct 2026,2026-10-04T11:04:35.838055
MAXHEALTH.NS,940.9500122070312,929.7999877929688,11.1500244140625,1.199185261394646,Max Healthcare,Healthcare,4 Oct 2026,2026-10-04T11:04:35.838055
NESTLEIND.NS,1307.699951171875,1310.0,-2.300048828125,-0.1755762464217557,Nestle India,FMCG,4 Oct 2026,2026-10-04T11:04:35.838055
NTPC.NS,315.1000061035156,322.75,-7.649993896484375,-2.370253724704686,NTPC,Power,4 Oct 2026,2026-10-04T11:04:35.838055
ONGC.NS,222.3699951171875,225.8000030517578,-3.4300079345703125,-1.5190468946911782,Oil and Natural Gas Corporation,Oil Gas & Consumable Fuels,4 Oct 2026,2026-10-04T11:04:35.838055
POWERGRID.NS,254.5500030517578,260.5,-5.949996948242188,-2.2840679263885555,Power Grid,Power,4 Oct 2026,2026-10-04T11:04:35.838055
RELIANCE.NS,1167.699951171875,1187.0,-19.300048828125,-1.625951881055181,Reliance Industries,Oil Gas & Consumable Fuels,4 Oct 2026,2026-10-04T11:04:35.838055
SBILIFE.NS,1721.5999755859375,1696.4000244140625,25.199951171875,1.485495803419307,SBI Life Insurance,Financial Services,4 Oct 2026,2026-10-04T11:04:35.838055
SHRIRAMFIN.NS,945.0,982.7000122070312,-37.70001220703125,-3.836370381471896,Shriram Finance,Financial Services,4 Oct 2026,2026-10-04T11:04:35.838055
SBIN.NS,954.0999755859376,959.5,-5.4000244140625,-0.5627956658741532,State Bank of India,Financial Services,4 Oct 2026,2026-10-04T11:04:35.838055
SUNPHARMA.NS,1801.0,1816.5999755859373,-15.5999755859375,-0.8587457775840709,Sun Pharma,Healthcare,4 Oct 2026,2026-10-04T11:04:35.838055
TATACONSUM.NS,957.0,949.5,7.5,0.7898894154818324,Tata Consumer Products,FMCG,4 Oct 2026,2026-10-04T11:04:35.838055
TMPV.NS,279.3999938964844,283.5,-4.100006103515625,-1.446210265790344,Tata Motors Passenger Vehicles,Automobile,4 Oct 2026,2026-10-04T11:04:35.838055
TATASTEEL.NS,178.0,184.3000030517578,-6.3000030517578125,-3.4183412628531284,Tata Steel,Metals & Mining,4 Oct 2026,2026-10-04T11:04:35.838055
TECHM.NS,1533.0,1524.0,9.0,0.5905511811023622,Tech Mahindra,Information Technology,4 Oct 2026,2026-10-04T11:04:35.838055
TITAN.NS,4515.7001953125,4587.0,-71.2998046875,-1.5543885913996076,Titan Company,Consumer Durables,4 Oct 2026,2026-10-04T11:04:35.838055
TRENT.NS,2580.0,2621.60009765625,-41.60009765625,-1.5868208768164571,Trent,Consumer Services,4 Oct 2026,2026-10-04T11:04:35.838055
ULTRACEMCO.NS,10710.0,10956.0,-246.0,-2.245345016429354,UltraTech Cement,Construction Materials,4 Oct 2026,2026-10-04T11:04:35.838055
WIPRO.NS,159.35000610351562,158.5,0.850006103515625,0.5362814533221609,Wipro,Information Technology,4 Oct 2026,2026-10-04T11:04:35.838055
INFY.NS,1035.0,994.0999755859375,40.9000244140625,4.114276774823922,Infosys,Information Technology,4 Oct 2026,2026-10-04T11:08:08.527569
TCS.NS,2075.0,2050.60009765625,24.39990234375,1.189890821308263,Tata Consultancy Services,Information Technology,4 Oct 2026,2026-10-04T11:08:08.527569
